entropy,avg_displacement
9.714337348937988281e+00,0.000000000000000000e+00
9.620119094848632812e+00,1.990619269900616883e+00
9.663551330566406250e+00,2.783443796664306191e+00
9.720871925354003906e+00,2.585136426797909781e+00
9.778038024902343750e+00,2.386815639576614689e+00
9.827810287475585938e+00,2.782588807617362381e+00
9.866168975830078125e+00,2.188732797291895960e+00
9.899402618408203125e+00,1.991206655062103037e+00
9.923102378845214844e+00,2.387242832031861273e+00
9.941118240356445312e+00,2.981409198770366142e+00
9.953903198242187500e+00,2.188725982241176204e+00
9.963651657104492188e+00,2.188034161583716219e+00
9.970003128051757812e+00,2.189554703425318660e+00
9.973669052124023438e+00,1.990141616818283943e+00
9.975842475891113281e+00,2.585419619460713747e+00
9.976179122924804688e+00,2.585007974923625440e+00
9.975572586059570312e+00,2.783468829620206364e+00
9.975011825561523438e+00,1.990233238881532918e+00
9.974046707153320312e+00,2.386971672108654463e+00
9.972586631774902344e+00,2.585214104408791513e+00
9.970870971679687500e+00,2.980445695317068378e+00
9.969617843627929688e+00,1.990255729227106141e+00
9.968014717102050781e+00,2.188661168389692602e+00
9.966687202453613281e+00,2.584337713579835771e+00
9.964265823364257812e+00,1.990206880253770905e+00
9.961574554443359375e+00,1.792183156895864604e+00
9.959115982055664062e+00,2.980395359830233737e+00
9.956773757934570312e+00,1.990214846014973116e+00
9.954360961914062500e+00,2.782394604346721145e+00
9.950992584228515625e+00,2.386335313240641742e+00
9.947586059570312500e+00,1.990184834033419614e+00
9.943656921386718750e+00,3.376383501694987022e+00
9.939215660095214844e+00,2.386356952927899400e+00
9.935020446777343750e+00,2.386410036813480406e+00
9.930541992187500000e+00,1.990135804880219128e+00
9.926310539245605469e+00,1.990141569980352632e+00
9.921709060668945312e+00,2.980157059588842472e+00
9.917020797729492188e+00,2.584221238234616358e+00
9.912963867187500000e+00,1.990146077819707537e+00
9.909305572509765625e+00,1.990068653007476707e+00
9.905426979064941406e+00,1.990182562014790602e+00
9.901647567749023438e+00,3.178337516826199138e+00
9.897392272949218750e+00,1.396022137615039460e+00
9.893358230590820312e+00,2.584306585743354034e+00
9.889070510864257812e+00,2.782416034835080598e+00
9.884573936462402344e+00,1.792099115057011582e+00
9.880227088928222656e+00,2.188075185447285520e+00
9.875789642333984375e+00,2.584275818646782241e+00
9.871678352355957031e+00,2.782531299219708210e+00
9.867480278015136719e+00,1.594057193235981718e+00
9.862844467163085938e+00,2.783061858535930799e+00
9.858323097229003906e+00,3.377310380717412741e+00
9.853485107421875000e+00,2.386253973003569673e+00
9.848645210266113281e+00,1.990046470746977381e+00
9.843912124633789062e+00,2.188263930691922710e+00
9.838621139526367188e+00,2.584177074084291981e+00
9.833789825439453125e+00,2.386256540022788641e+00
9.828457832336425781e+00,1.792088511529955408e+00
9.823114395141601562e+00,3.178285739532162424e+00
9.817128181457519531e+00,2.980311885007983719e+00
9.811586380004882812e+00,3.179058103350549391e+00
9.805511474609375000e+00,1.594110251976999404e+00
9.799605369567871094e+00,2.386516708811661225e+00
9.793266296386718750e+00,2.782333549512506998e+00
9.786830902099609375e+00,3.178596709953955823e+00
9.780635833740234375e+00,1.594056425137922783e+00
9.774039268493652344e+00,3.178705430558598888e+00
9.767562866210937500e+00,2.386129918211320700e+00
9.761312484741210938e+00,2.584983633470758768e+00
9.754812240600585938e+00,2.188090804445769422e+00
9.748507499694824219e+00,3.178968609390800282e+00
9.742485046386718750e+00,2.386217147032426045e+00
9.736185073852539062e+00,2.584200617537403488e+00
9.730266571044921875e+00,2.782113863047523505e+00
9.725041389465332031e+00,1.396053520306288931e+00
9.719639778137207031e+00,2.188344492475075675e+00
9.714407920837402344e+00,2.188175524641284397e+00
9.709380149841308594e+00,2.188152551540947677e+00
9.704415321350097656e+00,1.792174450517109108e+00
9.699409484863281250e+00,2.980503471401739990e+00
9.694374084472656250e+00,2.386106207615545038e+00
9.689530372619628906e+00,1.594055823346727685e+00
9.684905052185058594e+00,2.584489183234327303e+00
9.680430412292480469e+00,2.188273099573324387e+00
9.676050186157226562e+00,1.594042191728149538e+00
9.671510696411132812e+00,3.178583359193921876e+00
9.666749000549316406e+00,2.584191056615743776e+00
9.662062644958496094e+00,2.782495161979848586e+00
9.657533645629882812e+00,2.188097325001640669e+00
9.653247833251953125e+00,1.792184862908686283e+00
9.648837089538574219e+00,1.792237255349331537e+00
9.644565582275390625e+00,3.178306407461314098e+00
9.640445709228515625e+00,2.188100258751819016e+00
9.636191368103027344e+00,2.584339025427309089e+00
9.632375717163085938e+00,2.386301595059637126e+00
9.628929138183593750e+00,2.188246548030887695e+00
9.625519752502441406e+00,1.990167335813503469e+00
9.622228622436523438e+00,1.990144948946557246e+00
9.619279861450195312e+00,2.584101860856539368e+00
9.616439819335937500e+00,1.792120592417379976e+00
9.613692283630371094e+00,2.188276942849468387e+00
9.610887527465820312e+00,1.990166581810573376e+00
9.608167648315429688e+00,2.980409538566169747e+00
9.605243682861328125e+00,2.386237754808923750e+00
9.602480888366699219e+00,2.782367686064124879e+00
9.599618911743164062e+00,1.594170484647354336e+00
9.597132682800292969e+00,1.990293210159515214e+00
9.595245361328125000e+00,2.386249906961437350e+00
9.593505859375000000e+00,2.980242691732750693e+00
9.591584205627441406e+00,2.386086423342422158e+00
9.589429855346679688e+00,2.782570078072620134e+00
9.586964607238769531e+00,2.386415596179469301e+00
9.584625244140625000e+00,1.792113090154568766e+00
9.582539558410644531e+00,2.980276592898466248e+00
9.579780578613281250e+00,2.980495288711234814e+00
9.576858520507812500e+00,2.386332824356725890e+00
9.573686599731445312e+00,1.990126371349135281e+00
9.570581436157226562e+00,1.792061716709489216e+00
9.567304611206054688e+00,1.396003538528958421e+00
9.564062118530273438e+00,2.188064237204560225e+00
9.560669898986816406e+00,3.178362571275732851e+00
9.557529449462890625e+00,1.990113418117252397e+00
9.553750991821289062e+00,2.782338749383992837e+00
9.549673080444335938e+00,2.188094251926943734e+00
9.545379638671875000e+00,2.188106802217071323e+00
9.541296958923339844e+00,2.188099783463179016e+00
9.537330627441406250e+00,1.990097825385934938e+00
9.533667564392089844e+00,1.594078940661797228e+00
9.529886245727539062e+00,2.980431003767893383e+00
9.525815010070800781e+00,2.584134253726551922e+00
9.522089958190917969e+00,1.792221173425004643e+00
9.517830848693847656e+00,2.584196517116416292e+00
9.513413429260253906e+00,2.584170338288013014e+00
9.508835792541503906e+00,2.584243128067032824e+00
9.503787994384765625e+00,2.386204155304195051e+00
9.498412132263183594e+00,1.990097972164346585e+00
9.492571830749511719e+00,1.792223369208292727e+00
9.486886978149414062e+00,1.990059240791950845e+00
9.481149673461914062e+00,2.782255778293354354e+00
9.475214958190917969e+00,1.792034175793942641e+00
9.469832420349121094e+00,1.594167332226543721e+00
9.464279174804687500e+00,1.990134562797713169e+00
9.458491325378417969e+00,3.178499350711767146e+00
9.452600479125976562e+00,1.990164078583328777e+00
9.446669578552246094e+00,2.386176320042842747e+00
9.440760612487792969e+00,2.584175623980524694e+00
9.435034751892089844e+00,2.188198132364326920e+00
9.429656982421875000e+00,2.188322129267218141e+00
9.424228668212890625e+00,2.386279548659715921e+00
9.418476104736328125e+00,2.584170567133102558e+00
9.412826538085937500e+00,2.386386556374111567e+00
9.407397270202636719e+00,1.990139355761695983e+00
9.401839256286621094e+00,1.990180397004528645e+00
9.396206855773925781e+00,1.594056099750489786e+00
9.390172958374023438e+00,2.584398800055687673e+00
9.384546279907226562e+00,2.386293724790408799e+00
9.379050254821777344e+00,2.782219802319350510e+00
9.373699188232421875e+00,2.188169978310325448e+00
9.368715286254882812e+00,1.396093888081876067e+00
9.363852500915527344e+00,3.178206901564754716e+00
9.359113693237304688e+00,1.594072624042593311e+00
9.354737281799316406e+00,2.386161869506149724e+00
9.350406646728515625e+00,2.188069473799414411e+00
9.346216201782226562e+00,3.178296499284948506e+00
9.342117309570312500e+00,1.990115918501243142e+00
9.338155746459960938e+00,2.980228865390829984e+00
9.334390640258789062e+00,2.188268200302983857e+00
9.331057548522949219e+00,2.188195203599163641e+00
9.327960968017578125e+00,2.188152045706186932e+00
9.324451446533203125e+00,2.782257880399395589e+00
9.321121215820312500e+00,2.584183239003236654e+00
9.317697525024414062e+00,2.188257454269942226e+00
9.314203262329101562e+00,3.178382950737183688e+00
9.310647010803222656e+00,2.980224673769311217e+00
9.307216644287109375e+00,2.386173179029542624e+00
9.303619384765625000e+00,1.990240642017750305e+00
9.299944877624511719e+00,2.584218129518909279e+00
9.296890258789062500e+00,3.574451201217923035e+00
9.293645858764648438e+00,1.396111677835930598e+00
9.290372848510742188e+00,2.188180588209611255e+00
9.287419319152832031e+00,1.792097430689632898e+00
9.284498214721679688e+00,2.584350268643674120e+00
9.282028198242187500e+00,3.574347109210972206e+00
9.279045104980468750e+00,3.178284891007777446e+00
9.276288986206054688e+00,2.188404047357457749e+00
9.273868560791015625e+00,3.178480781259408250e+00
9.271259307861328125e+00,1.990177217142912847e+00
9.268826484680175781e+00,2.584202791926442089e+00
9.266355514526367188e+00,2.386349728104089074e+00
9.264137268066406250e+00,3.772549400838879574e+00
9.261840820312500000e+00,1.792110858176329202e+00
9.259302139282226562e+00,1.990389593027434678e+00
9.256980895996093750e+00,2.782455074505266523e+00
9.255053520202636719e+00,3.178569431684639124e+00
9.252900123596191406e+00,2.782253326013368611e+00
9.251398086547851562e+00,2.188118735974249773e+00
9.250170707702636719e+00,2.584469047322431212e+00
9.248854637145996094e+00,2.386257805160629797e+00
9.247863769531250000e+00,2.584349309466213551e+00
9.247083663940429688e+00,2.188204799762527575e+00
9.246270179748535156e+00,2.584291981562263363e+00
9.245348930358886719e+00,2.386219760917420718e+00
9.244509696960449219e+00,2.782248916711921982e+00
9.244106292724609375e+00,2.188125859722990896e+00
9.243734359741210938e+00,2.980267027538512803e+00
9.242908477783203125e+00,2.386227315808210570e+00
9.242053031921386719e+00,3.574487578672061794e+00
9.241514205932617188e+00,1.990100478425545161e+00
9.241152763366699219e+00,2.980357652192252793e+00
9.240736961364746094e+00,3.574334204392803471e+00
9.240545272827148438e+00,1.594156129287854773e+00
9.240123748779296875e+00,2.980411831772299625e+00
9.239193916320800781e+00,3.376497829897477931e+00
9.238546371459960938e+00,2.782213066363580012e+00
9.237925529479980469e+00,2.188192470358423236e+00
9.237276077270507812e+00,2.188231250929709937e+00
9.236471176147460938e+00,3.376407023609343749e+00
9.235980033874511719e+00,2.782527092383957790e+00
9.234667778015136719e+00,2.188192489084482162e+00
9.233649253845214844e+00,2.782334743913407404e+00
9.232923507690429688e+00,2.584317693864843335e+00
9.232021331787109375e+00,2.386176383549200253e+00
9.230800628662109375e+00,3.574499143196200990e+00
9.229994773864746094e+00,2.584358901954772580e+00
9.229284286499023438e+00,2.188219096482632242e+00
9.228081703186035156e+00,3.574489603139234362e+00
9.227005004882812500e+00,2.980364987086678408e+00
9.225734710693359375e+00,2.386354208919799991e+00
9.224977493286132812e+00,2.584308066141506988e+00
9.224081039428710938e+00,2.980369931451088306e+00
9.222811698913574219e+00,3.376357301742415995e+00
9.221586227416992188e+00,3.574488519143724563e+00
9.220267295837402344e+00,2.782365426368875294e+00
9.219032287597656250e+00,2.584276612710139531e+00
9.217584609985351562e+00,3.178393855955090608e+00
9.216669082641601562e+00,3.376521792420654311e+00
9.215737342834472656e+00,2.584332332496420470e+00
9.214547157287597656e+00,2.980303723015302442e+00
9.212987899780273438e+00,2.386225328745719132e+00
9.211568832397460938e+00,2.188433453823964037e+00
9.209954261779785156e+00,2.584369884943182427e+00
9.208032608032226562e+00,2.584168009405997779e+00
9.206218719482421875e+00,3.574431375416212919e+00
9.204262733459472656e+00,2.980180902723438496e+00
9.202333450317382812e+00,2.782273726321442098e+00
9.200381278991699219e+00,2.782758038649679744e+00
9.198019027709960938e+00,2.782307375671511984e+00
9.195858001708984375e+00,2.188298471610001794e+00
9.193597793579101562e+00,4.168475615301283632e+00
9.191618919372558594e+00,2.584458280058687496e+00
9.189350128173828125e+00,1.792165290597996341e+00
9.187063217163085938e+00,1.792091133576812600e+00
9.185021400451660156e+00,3.178222768909415130e+00
9.182842254638671875e+00,4.564635910726383194e+00
9.180599212646484375e+00,2.386099086903081368e+00
9.178491592407226562e+00,2.980264906610754050e+00
9.176038742065429688e+00,2.386175116297219567e+00
9.173259735107421875e+00,2.584279566379493076e+00
9.170629501342773438e+00,2.386283160453897878e+00
9.167639732360839844e+00,2.188137337117443071e+00
9.164224624633789062e+00,2.782517950826276287e+00
9.160633087158203125e+00,3.178329427803194385e+00
9.157190322875976562e+00,2.782283300807979476e+00
9.153498649597167969e+00,3.376441963906509081e+00
9.149834632873535156e+00,2.980571389779633318e+00
9.146102905273437500e+00,3.376428495011732256e+00
9.142417907714843750e+00,2.782210174515972412e+00
9.138515472412109375e+00,3.574422662779127347e+00
9.134869575500488281e+00,3.376492569680303646e+00
9.130821228027343750e+00,2.584354187466894270e+00
9.126598358154296875e+00,3.772374102091763159e+00
9.122604370117187500e+00,4.366863055261947402e+00
9.118593215942382812e+00,2.782371829681847597e+00
9.114426612854003906e+00,3.178391341852189633e+00
9.110387802124023438e+00,2.782374070419433298e+00
9.106384277343750000e+00,3.178254260384175467e+00
9.102341651916503906e+00,2.584092727049438043e+00
9.098253250122070312e+00,3.574260821462802440e+00
9.094183921813964844e+00,3.574239509291777139e+00
9.090263366699218750e+00,1.594092152573300059e+00
9.086346626281738281e+00,3.376272546207166325e+00
9.082666397094726562e+00,3.772504898320174327e+00
9.078462600708007812e+00,2.980270119270166607e+00
9.074417114257812500e+00,2.782344357116776301e+00
9.070266723632812500e+00,4.366529355459042527e+00
9.066143035888671875e+00,2.782289269616440741e+00
9.062093734741210938e+00,2.584247840435746291e+00
9.057997703552246094e+00,2.980188058708224563e+00
9.053636550903320312e+00,3.574290865048376009e+00
9.049157142639160156e+00,3.178325838928900193e+00
9.045052528381347656e+00,3.574493159856779734e+00
9.040728569030761719e+00,2.782350655134048001e+00
9.036591529846191406e+00,3.574495208304341087e+00
9.032772064208984375e+00,2.386201870898945199e+00
9.028909683227539062e+00,3.178233626529912037e+00
9.025039672851562500e+00,4.564616612481980695e+00
9.021175384521484375e+00,1.990148986525172026e+00
9.017110824584960938e+00,2.584187241433143711e+00
9.012932777404785156e+00,2.980309951052359629e+00
9.008785247802734375e+00,4.564566943503683305e+00
9.004658699035644531e+00,3.178296855787479114e+00
9.000598907470703125e+00,2.188180886159043492e+00
8.996608734130859375e+00,2.980521554585562782e+00
8.992547988891601562e+00,3.772590159975584445e+00
8.988244056701660156e+00,3.574507829275221482e+00
8.984092712402343750e+00,2.980291488940268962e+00
8.979669570922851562e+00,3.970357775195422434e+00
8.975217819213867188e+00,2.584164024199723020e+00
8.970870971679687500e+00,4.168623125826565357e+00
8.966513633728027344e+00,3.376586291227835712e+00
8.961999893188476562e+00,3.574473883936310603e+00
8.957599639892578125e+00,4.762546810494466598e+00
8.953358650207519531e+00,3.772630352485704108e+00
8.949247360229492188e+00,2.386239878906057932e+00
8.945483207702636719e+00,3.772283121162274711e+00
8.941337585449218750e+00,4.366698856598941525e+00
8.937351226806640625e+00,2.980267279236469058e+00
8.933071136474609375e+00,2.980379496764129943e+00
8.928686141967773438e+00,2.980149626917777628e+00
8.924249649047851562e+00,2.980228109439623907e+00
8.919838905334472656e+00,4.168603133925851800e+00
8.915307044982910156e+00,3.772391198552157210e+00
8.910889625549316406e+00,4.564523361532175194e+00
8.906656265258789062e+00,2.980346242926564582e+00
8.902004241943359375e+00,2.584096549263154241e+00
8.897521018981933594e+00,4.366712663666291405e+00
8.893177032470703125e+00,3.970464770143451450e+00
8.888700485229492188e+00,3.772467904371558767e+00
8.884388923645019531e+00,3.574421387770939429e+00
8.879954338073730469e+00,4.564503999873717355e+00
8.875314712524414062e+00,2.980242489491953695e+00
8.870719909667968750e+00,4.762605402925114362e+00
8.866230010986328125e+00,3.376311019362037591e+00
8.861873626708984375e+00,3.772446172879187376e+00
8.857780456542968750e+00,3.178329389911178637e+00
8.853429794311523438e+00,2.584268721015166914e+00
8.848482131958007812e+00,3.376390619324901810e+00
8.843729972839355469e+00,3.574481227286449680e+00
8.838809967041015625e+00,4.762667482659942664e+00
8.834047317504882812e+00,3.970643013376297326e+00
8.829207420349121094e+00,3.772763348580929321e+00
8.824373245239257812e+00,4.762590788104168915e+00
8.819766998291015625e+00,3.574617558268240014e+00
8.815280914306640625e+00,2.782208237856777622e+00
8.810524940490722656e+00,4.168515074482873395e+00
8.805683135986328125e+00,4.366406142023397052e+00
8.800468444824218750e+00,4.168739878502051965e+00
8.795040130615234375e+00,3.772550694296993967e+00
8.789262771606445312e+00,3.178628725402226962e+00
8.783257484436035156e+00,3.970551883595461629e+00
8.776917457580566406e+00,3.772769781460009852e+00
8.771169662475585938e+00,6.742992106618364900e+00
8.765464782714843750e+00,3.178379896871152965e+00
8.760090827941894531e+00,3.772465030027610133e+00
8.754633903503417969e+00,4.168489144307364391e+00
8.748794555664062500e+00,4.366675698253823512e+00
8.743088722229003906e+00,3.574448392395430218e+00
8.737173080444335938e+00,3.772329707260362763e+00
8.730982780456542969e+00,4.960712513182712335e+00
8.724527359008789062e+00,3.574319080416529015e+00
8.718132019042968750e+00,3.970387803150196238e+00
8.711493492126464844e+00,4.564897584397370700e+00
8.704870223999023438e+00,3.970514837901801819e+00
8.698262214660644531e+00,4.762546279346718592e+00
8.691674232482910156e+00,3.772453507658924288e+00
8.684750556945800781e+00,4.762700367475017238e+00
8.677576065063476562e+00,3.772787225199344174e+00
8.670327186584472656e+00,3.178491959839895742e+00
8.663150787353515625e+00,4.762351200893869319e+00
8.655819892883300781e+00,3.376269264898366540e+00
8.648744583129882812e+00,6.743026106557841182e+00
8.641555786132812500e+00,4.762452141609048617e+00
8.634332656860351562e+00,3.574265286480547754e+00
8.627618789672851562e+00,4.366363652303419940e+00
8.620663642883300781e+00,4.960384827570058164e+00
8.613655090332031250e+00,4.168393590262317261e+00
8.607039451599121094e+00,4.564530316974699353e+00
8.600440979003906250e+00,6.940968774015995102e+00
8.593997001647949219e+00,3.574595045873407706e+00
8.587492942810058594e+00,3.574372774108937278e+00
8.581353187561035156e+00,4.564592487679846933e+00
8.575217247009277344e+00,4.960560528045282247e+00
8.569430351257324219e+00,4.960696730333519433e+00
8.563697814941406250e+00,4.762771225500689987e+00
8.557556152343750000e+00,4.168472770378877534e+00
8.551767349243164062e+00,4.960564352729983639e+00
8.545861244201660156e+00,5.158518453352914257e+00
8.539985656738281250e+00,4.960856632101386055e+00
8.534152984619140625e+00,5.950673520381390524e+00
8.528429985046386719e+00,4.960592700215553208e+00
8.522457122802734375e+00,6.940873275986368718e+00
8.516916275024414062e+00,3.772575062179410743e+00
8.511279106140136719e+00,4.762713627800201799e+00
8.505630493164062500e+00,5.356650583003355059e+00
8.500040054321289062e+00,4.366518143204160651e+00
8.494490623474121094e+00,4.564443450429453542e+00
8.488970756530761719e+00,5.158774668814918307e+00
8.483170509338378906e+00,5.356523843830289344e+00
8.477565765380859375e+00,5.554591678490901963e+00
8.472362518310546875e+00,6.148735842503285198e+00
8.467302322387695312e+00,4.564490182860343026e+00
8.461808204650878906e+00,5.554724917102140225e+00
8.456519126892089844e+00,6.148609398638881451e+00
8.450829505920410156e+00,3.970589435261533406e+00
8.445219039916992188e+00,5.950523617551349176e+00
8.439713478088378906e+00,5.950739075125725641e+00
8.434173583984375000e+00,6.148834532676440645e+00
8.428837776184082031e+00,4.168504819275072215e+00
8.423757553100585938e+00,5.554723761169930718e+00
8.418959617614746094e+00,6.148660311238776544e+00
8.413843154907226562e+00,4.960436891040323815e+00
8.409001350402832031e+00,5.554511505031710428e+00
8.404410362243652344e+00,4.960296930154681760e+00
8.399568557739257812e+00,5.356507106935361584e+00
8.394464492797851562e+00,5.950632750714647479e+00
8.389027595520019531e+00,5.950737047433682037e+00
8.383872985839843750e+00,6.148919233638331150e+00
8.379043579101562500e+00,3.970386770413382838e+00
8.374327659606933594e+00,4.762533994312938113e+00
8.369361877441406250e+00,5.950616919189214649e+00
8.364575386047363281e+00,4.762477245145681159e+00
8.359767913818359375e+00,6.940733125146235416e+00
8.355173110961914062e+00,5.158466644958838110e+00
8.350512504577636719e+00,4.762364557675437204e+00
8.345877647399902344e+00,6.940926935472670145e+00
8.341000556945800781e+00,6.940615504439930916e+00
8.336499214172363281e+00,5.752675655634281071e+00
8.332060813903808594e+00,5.554454733184313042e+00
8.327703475952148438e+00,4.960408869385518393e+00
8.323625564575195312e+00,6.940683706931094044e+00
8.319942474365234375e+00,5.158490254212794390e+00
8.316246032714843750e+00,4.762435070443529206e+00
8.312705993652343750e+00,5.752492874758454278e+00
8.309467315673828125e+00,6.346583894466696130e+00
8.306169509887695312e+00,5.950620823387245295e+00
8.303004264831542969e+00,5.356394776308702532e+00
8.299518585205078125e+00,6.148555045135371877e+00
8.296099662780761719e+00,6.148472112309241844e+00
8.292688369750976562e+00,5.158373639608611505e+00
8.289211273193359375e+00,5.752811877269321528e+00
8.285769462585449219e+00,6.148407311211346205e+00
8.282556533813476562e+00,5.950597547981007374e+00
8.279632568359375000e+00,4.960526620707685908e+00
8.276830673217773438e+00,6.346559024121171788e+00
8.273641586303710938e+00,5.752512661689128670e+00
8.270853042602539062e+00,6.148906572098255197e+00
8.268154144287109375e+00,8.524726350434567834e+00
8.265338897705078125e+00,6.346591319422255850e+00
8.262741088867187500e+00,4.960460926403533755e+00
8.260189056396484375e+00,4.564316793908285597e+00
8.257488250732421875e+00,6.346523697107526729e+00
8.254735946655273438e+00,4.960383319200762031e+00
8.252396583557128906e+00,7.138599639740047742e+00
8.250197410583496094e+00,5.356516912320691048e+00
8.248203277587890625e+00,5.158327793677432105e+00
8.246324539184570312e+00,4.960404583281394331e+00
8.244258880615234375e+00,6.742838651910628478e+00
8.242332458496093750e+00,6.148493719791286338e+00
8.240364074707031250e+00,7.138774465591259499e+00
8.238290786743164062e+00,4.564409404038672236e+00
8.236010551452636719e+00,5.950354451651035603e+00
8.233922958374023438e+00,5.950708548801025621e+00
8.231679916381835938e+00,5.158382970908674814e+00
8.229634284973144531e+00,6.346754255497296882e+00
8.227392196655273438e+00,6.742475867931323030e+00
8.225220680236816406e+00,6.544664235995467649e+00
8.223173141479492188e+00,5.158448115606030449e+00
8.220869064331054688e+00,5.752441879722468343e+00
8.218751907348632812e+00,6.940564252159403758e+00
8.216543197631835938e+00,5.554338314074717786e+00
8.214202880859375000e+00,5.158685181268703346e+00
8.211477279663085938e+00,6.544771205740413045e+00
8.208690643310546875e+00,6.544533622981429488e+00
8.205782890319824219e+00,4.762230940478756835e+00
8.202811241149902344e+00,6.148764022541757690e+00
8.199934005737304688e+00,6.346607026929980577e+00
8.197242736816406250e+00,5.158242108855692898e+00
8.194143295288085938e+00,7.732988575971734058e+00
8.190872192382812500e+00,4.762320278569680987e+00
8.187572479248046875e+00,5.950343982667744669e+00
8.184083938598632812e+00,6.148438724689378354e+00
8.180391311645507812e+00,5.158442883247884581e+00
8.176662445068359375e+00,6.346404611517567851e+00
8.173431396484375000e+00,6.940558277977165069e+00
8.170421600341796875e+00,5.752539331324955540e+00
8.167339324951171875e+00,6.346427879135826622e+00
8.164306640625000000e+00,7.336661704520587968e+00
8.161209106445312500e+00,6.346836286768779978e+00
8.157964706420898438e+00,6.940558082386994343e+00
8.154663085937500000e+00,4.762353808044301751e+00
8.151282310485839844e+00,5.356195367109938488e+00
8.148077964782714844e+00,5.950598113842993975e+00
8.144517898559570312e+00,5.950342622431306516e+00
8.141362190246582031e+00,5.554368505091658470e+00
8.138178825378417969e+00,6.544454902151457532e+00
8.134754180908203125e+00,5.752461069256283643e+00
8.131109237670898438e+00,6.148610799745975797e+00
8.127132415771484375e+00,8.128911124083373352e+00
8.122916221618652344e+00,5.752580495661249849e+00
8.118692398071289062e+00,6.346704835842072789e+00
8.115054130554199219e+00,7.732719021329044651e+00
8.111167907714843750e+00,3.970275901708451904e+00
8.106884002685546875e+00,6.346612404675600949e+00
8.103247642517089844e+00,8.128770489540151800e+00
8.099462509155273438e+00,5.950445463809414193e+00
8.095801353454589844e+00,6.940643955217554506e+00
8.092531204223632812e+00,5.950601435448177767e+00
8.089031219482421875e+00,6.544532798668203810e+00
8.085962295532226562e+00,5.554372939742317605e+00
8.082530975341796875e+00,6.346312683002690136e+00
8.079390525817871094e+00,5.554297859276090321e+00
8.076393127441406250e+00,7.336726601816295101e+00
8.073537826538085938e+00,4.366509934656789049e+00
8.070592880249023438e+00,6.940503460442563721e+00
8.068029403686523438e+00,6.544349080247576111e+00
8.065353393554687500e+00,6.742327419624499996e+00
8.062872886657714844e+00,7.138604059023205828e+00
8.060344696044921875e+00,4.960244332881300622e+00
8.057521820068359375e+00,6.346587418398871527e+00
8.054805755615234375e+00,7.138698139081256500e+00
8.051951408386230469e+00,6.742425254308007432e+00
8.048971176147460938e+00,5.752389665588694356e+00
8.045622825622558594e+00,5.950578788280338927e+00
8.042665481567382812e+00,6.346641572589639679e+00
8.039974212646484375e+00,6.544521873881763874e+00
8.037138938903808594e+00,7.336734124165241511e+00
8.034417152404785156e+00,7.336563891396957970e+00
8.031278610229492188e+00,6.544525168908652546e+00
8.028743743896484375e+00,5.158745025617563762e+00
8.025743484497070312e+00,4.762388231772461289e+00
8.022908210754394531e+00,6.742429817744629794e+00
8.020306587219238281e+00,7.930745182767569901e+00
8.017835617065429688e+00,4.366297523763281951e+00
8.015067100524902344e+00,5.752461895098099909e+00
8.012225151062011719e+00,6.742680913832255207e+00
8.009599685668945312e+00,5.554453308274363899e+00
8.006662368774414062e+00,7.732600656255364413e+00
8.003818511962890625e+00,6.940523411304347690e+00
8.001217842102050781e+00,6.940795755443651238e+00
7.998692989349365234e+00,5.950315180088647793e+00
7.996093750000000000e+00,5.356550762807979815e+00
7.993741512298583984e+00,7.336613494630228161e+00
7.991395473480224609e+00,7.534544156074159282e+00
7.988889694213867188e+00,5.356458894988838537e+00
7.986413955688476562e+00,5.950542819648553916e+00
7.984262943267822266e+00,6.742976141258789191e+00
7.981976985931396484e+00,6.742561921581845752e+00
7.979902267456054688e+00,6.148388941609574943e+00
7.978136062622070312e+00,6.544411287532034827e+00
7.976059436798095703e+00,6.742712323125412688e+00
7.973913192749023438e+00,5.158581275987966563e+00
7.972093582153320312e+00,7.336639810824780561e+00
7.969970226287841797e+00,6.544673935327303127e+00
7.967879295349121094e+00,5.752402479930574408e+00
7.965650558471679688e+00,6.148604484770975098e+00
7.963576316833496094e+00,4.366313059796715912e+00
7.961481094360351562e+00,6.148563678762079654e+00
7.959209442138671875e+00,6.940570306305793302e+00
7.956957817077636719e+00,8.128581444320293059e+00
7.954747200012207031e+00,6.544566715703005855e+00
7.952352523803710938e+00,5.554442281414800675e+00
7.950325965881347656e+00,7.534677742053142779e+00
7.948268413543701172e+00,8.128680661760553150e+00
7.946125030517578125e+00,5.950554574985189582e+00
7.944163322448730469e+00,5.950529011158503856e+00
7.942193031311035156e+00,7.930585971368057763e+00
7.939829826354980469e+00,3.970255526668622359e+00
7.938064575195312500e+00,6.148586118998164984e+00
7.936292648315429688e+00,5.554672289260618179e+00
7.934687614440917969e+00,6.346314451745276308e+00
7.932951927185058594e+00,6.742422930174948981e+00
7.931373596191406250e+00,6.742430389811249647e+00
7.929980278015136719e+00,7.336614011304045668e+00
7.928458213806152344e+00,5.950315631456791543e+00
7.926813602447509766e+00,6.346527741602883133e+00
7.925416469573974609e+00,6.544442109951898345e+00
7.923584938049316406e+00,7.336747508828486808e+00
7.921972274780273438e+00,5.158496112739674011e+00
7.920243263244628906e+00,4.762257406002798454e+00
7.918627738952636719e+00,6.940583229838531487e+00
7.916958332061767578e+00,6.544758347833026235e+00
7.915141105651855469e+00,7.534695285840480317e+00
7.913404941558837891e+00,6.742569115492189624e+00
7.911721706390380859e+00,7.732549458083547655e+00
7.910038948059082031e+00,6.742551316799393568e+00
7.908383369445800781e+00,7.138630588332696369e+00
7.906990528106689453e+00,6.544543730389471570e+00
7.905608654022216797e+00,4.168395221562519737e+00
7.904458999633789062e+00,6.742541199442230848e+00
7.903209686279296875e+00,5.158427285152296093e+00
7.902318954467773438e+00,5.356370619241211273e+00
7.901319503784179688e+00,6.148548462901497480e+00
7.900327682495117188e+00,6.940551106682109506e+00
7.899301052093505859e+00,7.930868831589391377e+00
7.898539066314697266e+00,6.346467361341213476e+00
7.897862911224365234e+00,6.940732077939061107e+00
7.897013664245605469e+00,7.534434948974585211e+00
7.895946502685546875e+00,6.346678728504765665e+00
7.895429134368896484e+00,5.950442125245490210e+00
7.894958019256591797e+00,6.742588035029732474e+00
7.894184589385986328e+00,4.762442812733420183e+00
7.893310546875000000e+00,7.138779582377716260e+00
7.891945362091064453e+00,6.940643676906870674e+00
7.891034603118896484e+00,5.950511558353014152e+00
7.890229225158691406e+00,7.930644803285749944e+00
7.889133930206298828e+00,7.336652588134837671e+00
7.888100147247314453e+00,5.554430419989150103e+00
7.887445926666259766e+00,6.148399150617105846e+00
7.886507511138916016e+00,6.148444721711967986e+00
7.885751247406005859e+00,6.544530005379757931e+00
7.884712219238281250e+00,5.356413587735495696e+00
7.883750915527343750e+00,6.346611685062701014e+00
7.883086204528808594e+00,6.544685650112621822e+00
7.882069587707519531e+00,5.752254522692839878e+00
7.880792617797851562e+00,7.534846094010812401e+00
7.880073070526123047e+00,6.544519405323962147e+00
7.878928661346435547e+00,5.554565237894187213e+00
7.878064632415771484e+00,6.940716020058772529e+00
7.877338886260986328e+00,7.138360664887770213e+00
7.876689910888671875e+00,6.742668734283864929e+00
7.875749588012695312e+00,6.940806251437595442e+00
7.874796867370605469e+00,6.346557471240161341e+00
7.874005794525146484e+00,6.346461241312669088e+00
7.873190402984619141e+00,5.158554297263941990e+00
7.872576236724853516e+00,7.138671873786364586e+00
7.871874332427978516e+00,6.940453106401213823e+00
7.870568275451660156e+00,4.762379516189204409e+00
7.869796752929687500e+00,5.554438931021866921e+00
7.868733406066894531e+00,6.544496404916389842e+00
7.867473602294921875e+00,6.940831305087711733e+00
7.866331100463867188e+00,6.940552241650284060e+00
7.865232467651367188e+00,6.148460086584345063e+00
7.864123821258544922e+00,6.742610962915122741e+00
7.863211631774902344e+00,5.752362351850750066e+00
7.861962318420410156e+00,6.148550154979912641e+00
7.860948562622070312e+00,5.950404760634014245e+00
7.860137462615966797e+00,7.534662216732193052e+00
7.859253406524658203e+00,6.148700405495785226e+00
7.858312606811523438e+00,4.960423074336275384e+00
7.857176303863525391e+00,6.940732280266309395e+00
7.855764389038085938e+00,7.138802161525698686e+00
7.854873657226562500e+00,7.138612094285470278e+00
7.853892803192138672e+00,7.138635160328886897e+00
7.853034973144531250e+00,7.534588031819616560e+00
7.852272033691406250e+00,6.148475198928670338e+00
7.851386547088623047e+00,6.148393215806095213e+00
7.850708007812500000e+00,4.960413024295148965e+00
7.849980354309082031e+00,5.950467115217390912e+00
7.849071502685546875e+00,5.752399111179091307e+00
7.847934246063232422e+00,5.752484777280844952e+00
7.846709251403808594e+00,5.158388516209148733e+00
7.845591068267822266e+00,8.524641485960252396e+00
7.844102859497070312e+00,6.148513782267872152e+00
7.842720508575439453e+00,6.346480384423941246e+00
7.841550827026367188e+00,8.128634707813905180e+00
7.840561389923095703e+00,7.138694619950332942e+00
7.839753627777099609e+00,6.346444807233823759e+00
7.839178085327148438e+00,6.742704961031215305e+00
7.838495254516601562e+00,4.564170316041733066e+00
7.837827205657958984e+00,6.346560351757275953e+00
7.837117671966552734e+00,5.752404634038976283e+00
7.836491107940673828e+00,6.742442912903657160e+00
7.835805892944335938e+00,7.930461745575035692e+00
7.835052013397216797e+00,4.960310506110149120e+00
7.834411621093750000e+00,8.128501115909479324e+00
7.833682537078857422e+00,7.138471061184485045e+00
7.832931518554687500e+00,6.544419102104266805e+00
7.832056522369384766e+00,6.346500969895338962e+00
7.831271171569824219e+00,5.752424734710846366e+00
7.830811977386474609e+00,4.960415401068029695e+00
7.830358982086181641e+00,6.148533251295728697e+00
7.829865455627441406e+00,6.544571863907605369e+00
7.829411506652832031e+00,6.346374911069487368e+00
7.828858852386474609e+00,4.762479644483146757e+00
7.828537464141845703e+00,7.930597886471948854e+00
7.827696800231933594e+00,7.732433095042282822e+00
7.826904296875000000e+00,7.336861637520833312e+00
7.826059341430664062e+00,7.336469926066317981e+00
7.825545310974121094e+00,5.158376604166713619e+00
7.824963569641113281e+00,7.138528933261179432e+00
7.824470520019531250e+00,6.148462668745578341e+00
7.823718070983886719e+00,4.366465134900678002e+00
7.823197364807128906e+00,8.525069736971083501e+00
7.822640419006347656e+00,5.554231589996257767e+00
7.822217941284179688e+00,5.356367211085470537e+00
7.821659088134765625e+00,6.940474137367117713e+00
7.820855140686035156e+00,7.336574735634735056e+00
7.820180416107177734e+00,6.742318984773666202e+00
7.819745540618896484e+00,6.148454477794499162e+00
7.819366455078125000e+00,6.742539010298497892e+00
7.818933486938476562e+00,6.544548329942498022e+00
7.818606376647949219e+00,5.950511999927593720e+00
7.818324089050292969e+00,4.960526206460619925e+00
7.818385124206542969e+00,5.356381062637987966e+00
7.818149566650390625e+00,6.544578963077283262e+00
7.817937850952148438e+00,7.930670623560027721e+00
7.817661285400390625e+00,7.138553779771517505e+00
7.817546367645263672e+00,8.326485655506044026e+00
7.817285537719726562e+00,7.534555391416246195e+00
7.816994667053222656e+00,5.950667180011570245e+00
7.816911220550537109e+00,6.940530709799110021e+00
7.816500663757324219e+00,4.762377044810821580e+00
7.816376209259033203e+00,6.742420282427762146e+00
7.816473007202148438e+00,5.554291593495381818e+00
7.816341400146484375e+00,5.158359200954242496e+00
7.816271305084228516e+00,6.742696536301245658e+00
7.816267013549804688e+00,6.544313689445174553e+00
7.816512107849121094e+00,6.940594547001944115e+00
7.816728115081787109e+00,8.524615870971057774e+00
7.816738128662109375e+00,7.138583015994768743e+00
7.816864490509033203e+00,6.148528625407691628e+00
7.817025184631347656e+00,6.742414728578573602e+00
7.816884040832519531e+00,4.960383785542841650e+00
7.816615581512451172e+00,6.940686867167025653e+00
7.816892147064208984e+00,5.950345267417834982e+00
7.817171573638916016e+00,4.762409464541122794e+00
7.817599296569824219e+00,7.336626892993006521e+00
7.818059921264648438e+00,7.138513724086553047e+00
7.818151473999023438e+00,8.326507874842510759e+00
7.818665027618408203e+00,7.336948102071064959e+00
7.819076538085937500e+00,5.356324758718676193e+00
7.819256305694580078e+00,8.524509075626532706e+00
7.819616317749023438e+00,5.752496196553791741e+00
7.820249080657958984e+00,5.158450720908018816e+00
7.820711135864257812e+00,6.742393260448552361e+00
7.820992946624755859e+00,6.148448999885997246e+00
7.821560859680175781e+00,4.960350745613568257e+00
7.821956157684326172e+00,5.950446598543261523e+00
7.822061061859130859e+00,7.534790041673634420e+00
7.822257041931152344e+00,7.732399350848017328e+00
7.822694778442382812e+00,5.356326327577876967e+00
7.822937965393066406e+00,7.930739557615248181e+00
7.823233604431152344e+00,7.534548160245674531e+00
7.823364257812500000e+00,5.950650871614587167e+00
7.823416709899902344e+00,7.336633734427274511e+00
7.823744773864746094e+00,5.950591731574844445e+00
7.824045658111572266e+00,6.148608946582600154e+00
7.824685573577880859e+00,5.950495445640230585e+00
7.825096130371093750e+00,5.950527330137154181e+00
7.825726985931396484e+00,8.524775780267962233e+00
7.826261520385742188e+00,5.752432265326075544e+00
7.826770305633544922e+00,6.346722306161043825e+00
7.827224731445312500e+00,8.326740633869444963e+00
7.827811717987060547e+00,5.554340164646253797e+00
7.828540802001953125e+00,6.148538453577066853e+00
7.829546928405761719e+00,6.346375090756157356e+00
7.830200672149658203e+00,5.752347227453102008e+00
7.831044197082519531e+00,5.554531537236955252e+00
7.832103729248046875e+00,7.336640993429756286e+00
7.833156585693359375e+00,7.138545476569816195e+00
7.834095954895019531e+00,6.742584896524296489e+00
7.834866046905517578e+00,4.564478202277914676e+00
7.835524559020996094e+00,7.336751956692395105e+00
7.836244583129882812e+00,8.722616546111082059e+00
7.836985111236572266e+00,5.950387210563395257e+00
7.837402343750000000e+00,5.752487467769014096e+00
7.838197708129882812e+00,6.544814872101651915e+00
7.838726520538330078e+00,8.326859906857082549e+00
7.839210510253906250e+00,4.960526475652773826e+00
7.839917182922363281e+00,6.148483633582944030e+00
7.840504169464111328e+00,7.732879923857936433e+00
7.841163158416748047e+00,5.950562781912935861e+00
7.842158317565917969e+00,5.554690702685205039e+00
7.842682838439941406e+00,8.128624841087811248e+00
7.843377113342285156e+00,5.950541364696075419e+00
7.844379901885986328e+00,6.544547866974997241e+00
7.844792366027832031e+00,5.752301863402161430e+00
7.845094203948974609e+00,5.356464240250490505e+00
7.845788002014160156e+00,6.544401421651680373e+00
7.846487045288085938e+00,7.336602422808676138e+00
7.846968650817871094e+00,6.544578308869820837e+00
7.847540855407714844e+00,6.148497503570799161e+00
7.847820758819580078e+00,5.752624755117392574e+00
7.848340034484863281e+00,7.930708833192200657e+00
7.848919868469238281e+00,7.336590441456109168e+00
7.849448204040527344e+00,5.950596721970412339e+00
7.849978446960449219e+00,7.534640533304148846e+00
7.850493431091308594e+00,5.752396426316232159e+00
7.850920677185058594e+00,6.742570291567484553e+00
7.851179122924804688e+00,5.356377589370412196e+00
7.851672649383544922e+00,8.524712877382130571e+00
7.852153301239013672e+00,6.544685728014871806e+00
7.852760314941406250e+00,4.366303828819912525e+00
7.853176593780517578e+00,6.346735949668382837e+00
7.853724002838134766e+00,7.534654754635749185e+00
7.854181289672851562e+00,5.950405001622378620e+00
7.854777812957763672e+00,6.544579070178149216e+00
7.855434894561767578e+00,7.534753598552839549e+00
7.855927944183349609e+00,6.148400245558759636e+00
7.856716156005859375e+00,6.148399237962150821e+00
7.857640743255615234e+00,5.752464814505806601e+00
7.858350753784179688e+00,7.138440059446325314e+00
7.859056472778320312e+00,6.742482897729705549e+00
7.859791755676269531e+00,4.762508018834402002e+00
7.860541820526123047e+00,8.326997622619593642e+00
7.861011505126953125e+00,6.346638978959824762e+00
7.861510276794433594e+00,6.544495827302694302e+00
7.862259864807128906e+00,6.940835094923627935e+00
7.863036632537841797e+00,5.950381203914202999e+00
7.863673210144042969e+00,7.138673484208276854e+00
7.864389419555664062e+00,8.326925076676769066e+00
7.864988803863525391e+00,5.752578810425729827e+00
7.865500450134277344e+00,5.950434033661108124e+00
7.866400241851806641e+00,6.544587117242685714e+00
7.866786003112792969e+00,5.554627354740672374e+00
7.867434501647949219e+00,5.554542011671415480e+00
7.868194580078125000e+00,4.960402273223659009e+00
7.868744373321533203e+00,7.534543430317093282e+00
7.869237899780273438e+00,7.336776618009317907e+00
7.869675636291503906e+00,7.337006282246195887e+00
7.870462894439697266e+00,5.158372550147495517e+00
7.871530532836914062e+00,6.346445809007593475e+00
7.872327804565429688e+00,8.722674028918671496e+00
7.872882843017578125e+00,6.148568414208791744e+00
7.873582839965820312e+00,6.544711576871218739e+00
7.874505519866943359e+00,5.554414147900701870e+00
7.875142097473144531e+00,5.158514018794408962e+00
7.875648498535156250e+00,7.930769757454718238e+00
7.876284599304199219e+00,6.544561809161174359e+00
7.877178192138671875e+00,5.950541951520474271e+00
7.877701759338378906e+00,6.940834232770247247e+00
7.878278732299804688e+00,5.950564483536658678e+00
7.879303932189941406e+00,7.732469348814752230e+00
7.880235671997070312e+00,8.326593029552558534e+00
7.880913257598876953e+00,4.960594730609176217e+00
7.881550788879394531e+00,5.950531502143610041e+00
7.882270336151123047e+00,6.148522802741169357e+00
7.882764339447021484e+00,5.752620427236237788e+00
7.883567333221435547e+00,6.346419521138219721e+00
7.884341239929199219e+00,6.544573701341670713e+00
7.885159492492675781e+00,5.356509861233194059e+00
7.885638236999511719e+00,5.950390666505669834e+00
7.886018753051757812e+00,7.336664687547785668e+00
7.886872768402099609e+00,8.920608928557507866e+00
7.887409210205078125e+00,7.930662077134140731e+00
7.888188838958740234e+00,4.960243981709431260e+00
7.888843536376953125e+00,6.544554210882441048e+00
7.889409065246582031e+00,6.148531699088106706e+00
7.889625072479248047e+00,7.138723497442529542e+00
7.889989852905273438e+00,6.346597835591783365e+00
7.890517234802246094e+00,5.950369180097907496e+00
7.890815734863281250e+00,5.158366120756268991e+00
7.891377449035644531e+00,6.940600988309556740e+00
7.891865730285644531e+00,7.138691454288977667e+00
7.892514705657958984e+00,7.336473500078927401e+00
7.892968177795410156e+00,6.346341010023635043e+00
7.893361091613769531e+00,7.930565074121042279e+00
7.893449783325195312e+00,5.356538996202285574e+00
7.893953323364257812e+00,6.346614865826489371e+00
7.894549846649169922e+00,5.950483206736995712e+00
7.894842147827148438e+00,5.356282608274995027e+00
7.895338535308837891e+00,6.346396578178542747e+00
7.895759105682373047e+00,5.950500948606959106e+00
7.896310806274414062e+00,7.336607087475614186e+00
7.896526336669921875e+00,7.930707425160839819e+00
7.896730422973632812e+00,6.940657365732050721e+00
7.897215366363525391e+00,7.336680615419862050e+00
7.897993087768554688e+00,6.940428628974887104e+00
7.898306846618652344e+00,5.950379429430044276e+00
7.899117469787597656e+00,6.940762672994597260e+00
7.900043964385986328e+00,6.346472113318601949e+00
7.900988578796386719e+00,5.950445727920820715e+00
7.901765346527099609e+00,6.742623986567105376e+00
7.902328491210937500e+00,5.356425347121186675e+00
7.902787685394287109e+00,5.752346142300867271e+00
7.903079986572265625e+00,6.544486566621395163e+00
7.903739452362060547e+00,5.950320632529499498e+00
7.904243946075439453e+00,7.930635140317058962e+00
7.904543876647949219e+00,6.940785915049458410e+00
7.904821395874023438e+00,7.138698704658568595e+00
7.905148506164550781e+00,6.544689100710463947e+00
7.905545234680175781e+00,6.346647936575024573e+00
7.905964374542236328e+00,6.940480094660305355e+00
7.906483173370361328e+00,5.158274627771146648e+00
7.907212734222412109e+00,7.138468891121594773e+00
7.907644748687744141e+00,6.742474318487222007e+00
7.908245086669921875e+00,6.346617402649661344e+00
7.908664703369140625e+00,6.346420815309791408e+00
7.909196376800537109e+00,6.544445218932678721e+00
7.909818649291992188e+00,6.346535122693230946e+00
7.910202026367187500e+00,6.346327447507921882e+00
7.910507202148437500e+00,7.930709699667358947e+00
7.911066532135009766e+00,6.148505729786870155e+00
7.911597251892089844e+00,5.950382563674040171e+00
7.911945819854736328e+00,7.336976399800232862e+00
7.912646770477294922e+00,6.148521599937865290e+00
7.913276195526123047e+00,7.336698768853293195e+00
7.914071083068847656e+00,6.544488708793058329e+00
7.914650917053222656e+00,5.158338846075710471e+00
7.915470123291015625e+00,4.366346030606846007e+00
7.916221141815185547e+00,7.732508467626626469e+00
7.916747093200683594e+00,6.544545529859020050e+00
7.917123317718505859e+00,7.138692353226527842e+00
7.917315483093261719e+00,7.930624502290606337e+00
7.917960166931152344e+00,6.148694926751769430e+00
7.918371200561523438e+00,6.148613162765435902e+00
7.919313907623291016e+00,7.534549476660936662e+00
7.920122146606445312e+00,7.138648433616482158e+00
7.920948982238769531e+00,6.742503796370469260e+00
7.921497344970703125e+00,4.762339531533494430e+00
7.922246456146240234e+00,6.148475493070460374e+00
7.922826766967773438e+00,6.742325159952153868e+00
7.923557758331298828e+00,5.752470581948453621e+00
7.924297809600830078e+00,6.148404045143191610e+00
7.924767017364501953e+00,7.336400389099191344e+00
7.925114631652832031e+00,5.554456206039339428e+00
7.925722122192382812e+00,7.732713412739093073e+00
7.926350593566894531e+00,7.138473515145909332e+00
7.926666736602783203e+00,6.346414833123260379e+00
7.927283287048339844e+00,6.742758773963905661e+00
7.927701473236083984e+00,5.554359992807655466e+00
7.928216934204101562e+00,7.732626886340351113e+00
7.928311824798583984e+00,5.158321296857265814e+00
7.928977012634277344e+00,6.148370967500551565e+00
7.929940223693847656e+00,7.138520110330786927e+00
7.930292129516601562e+00,7.138705721893409795e+00
7.930616378784179688e+00,6.544787511084039444e+00
7.930918693542480469e+00,6.940532198320072510e+00
7.931355953216552734e+00,6.742638943778269223e+00
7.931943893432617188e+00,6.742482915819731915e+00
7.932536125183105469e+00,6.940440820595902949e+00
7.933401584625244141e+00,5.752419539423999417e+00
7.933701515197753906e+00,6.346548904602458130e+00
7.934223175048828125e+00,5.554279642706055675e+00
7.934700012207031250e+00,6.346382858030102270e+00
7.934936523437500000e+00,7.138651212365010323e+00
7.935348033905029297e+00,5.554327627352389385e+00
7.935853004455566406e+00,6.346458915300733139e+00
7.936026573181152344e+00,6.940711385412136281e+00
7.936345100402832031e+00,8.326676230507862542e+00
7.936565399169921875e+00,5.158309578313233779e+00
7.936955928802490234e+00,8.128764863440936850e+00
7.937184333801269531e+00,7.534767128017815452e+00
7.937256813049316406e+00,4.762448545745879613e+00
7.938013076782226562e+00,6.346560907937034202e+00
7.938553810119628906e+00,8.128779341482044174e+00
7.939212799072265625e+00,4.564259587192006862e+00
7.939641952514648438e+00,6.544543546273784429e+00
7.940268993377685547e+00,7.534648494749294656e+00
7.940562248229980469e+00,5.554427489033721521e+00
7.940917015075683594e+00,7.336493058900767750e+00
7.941425800323486328e+00,6.544562758135060498e+00
7.941802024841308594e+00,6.148610943098988812e+00
7.942012786865234375e+00,6.940379544578665794e+00
7.942378520965576172e+00,5.950463274770084077e+00
7.942675113677978516e+00,7.732705780591111910e+00
7.943120956420898438e+00,5.356467887092963842e+00
7.943498611450195312e+00,6.148306335775217235e+00
7.944051742553710938e+00,6.148715194100414116e+00
7.944368839263916016e+00,6.544526740197976977e+00
7.944837570190429688e+00,7.336540024296315465e+00
7.945448398590087891e+00,6.148520401560809034e+00
7.945753574371337891e+00,7.930571770240290697e+00
7.946069717407226562e+00,5.752534700321162653e+00
7.946747779846191406e+00,7.534823872967384872e+00
7.947475910186767578e+00,6.940563005603784141e+00
7.948058605194091797e+00,5.158405017500069967e+00
7.948587894439697266e+00,6.940692004307573271e+00
7.949260711669921875e+00,6.148683677621800570e+00
7.949515819549560547e+00,6.346570756568911342e+00
7.950076580047607422e+00,6.346698587514186585e+00
7.950731277465820312e+00,6.940530247670140263e+00
7.951573371887207031e+00,5.158464565463632745e+00
7.952329635620117188e+00,6.940585481155809866e+00
7.952940464019775391e+00,6.544410547409545309e+00
7.953427314758300781e+00,7.336578758434334269e+00
7.953793525695800781e+00,7.732756034728984318e+00
7.954321861267089844e+00,6.148551254273170841e+00
7.954833507537841797e+00,4.564294876157854119e+00
7.955511093139648438e+00,6.148568832173621601e+00
7.956133842468261719e+00,7.138568840622541600e+00
7.956486701965332031e+00,7.138592865418742051e+00
7.956653594970703125e+00,4.762527529573370444e+00
7.957085609436035156e+00,8.722956035967275312e+00
7.957701683044433594e+00,6.148555995803037355e+00
7.958049774169921875e+00,6.742577372619212639e+00
7.958449363708496094e+00,8.128747121455209168e+00
7.958782196044921875e+00,5.752374454251433455e+00
7.959317684173583984e+00,6.940406590057387248e+00
7.959778785705566406e+00,5.950429330351194146e+00
7.960252761840820312e+00,4.762352709342130730e+00
7.960824489593505859e+00,6.148593855612716652e+00
7.961419105529785156e+00,7.138383245028984803e+00
7.961583137512207031e+00,5.158685687979141399e+00
7.962003231048583984e+00,7.534587366477395243e+00
7.962322235107421875e+00,6.544432029673662221e+00
7.962782382965087891e+00,6.742573156191295602e+00
7.962909698486328125e+00,7.138665531576014800e+00
7.963439941406250000e+00,7.732827392741485006e+00
7.963669300079345703e+00,8.128613208254762412e+00
7.963768005371093750e+00,4.564261071535798742e+00
7.963987350463867188e+00,5.158469839918276456e+00
7.964254379272460938e+00,7.732702657070298358e+00
7.964215755462646484e+00,4.960495469297867999e+00
7.964235305786132812e+00,6.940689519427878373e+00
7.964591979980468750e+00,7.733632399781770417e+00
7.964487552642822266e+00,6.940686885129145445e+00
7.965055465698242188e+00,6.347211016842305931e+00
7.965178489685058594e+00,6.940512120517708716e+00
7.965047836303710938e+00,6.346482803287190499e+00
